<?xml version="1.0" encoding="UTF-8" standalone="yes"?>
<addon id="script.module.Asc3nsi0n" name="Ascension" version="1.2.0" provider-name="CBOX">
  <requires>
    <import addon="xbmc.python" version="2.1.0"/>
	<import addon="script.module.requests" />
	<import addon="script.module.urlresolver" />
    <import addon="script.module.beautifulsoup4" />
	<import addon="script.video.F4mProxy" />
  </requires>
  <extension point="xbmc.python.pluginsource" library="default.py">
        <provides>all</provides>
  </extension>
  <extension point="xbmc.addon.metadata">
    <summary lang="en">Asc3nsi0n Module</summary>
    <description lang="en">Asc3nsi0n Module</description>
	<disclaimer lang="en">Asc3nsi0n Module</disclaimer>
    <platform>all</platform>
	<reuselanguageinvoker>false</reuselanguageinvoker>
  </extension>
</addon>
