<?xml version="1.0" encoding="UTF-8" standalone="yes"?>
<addon id="repository.Asc3nsi0n" name="Asc3nsi0n Repo" version="1.0.0" provider-name="Asc3nsi0n">
	<extension point="xbmc.addon.repository" name="Asc3nsi0n Repo">
        <info compressed="false">https://raw.githubusercontent.com/Stars33d/Asc3nsi0n-Repo/master/addons.xml</info>
        <checksum>https://raw.githubusercontent.com/Stars33d/Asc3nsi0n-Repo/master/addons.xml.md5</checksum>
        <datadir zip="true">https://raw.githubusercontent.com/Stars33d/Asc3nsi0n-Repo/master/</datadir>
	</extension>
	<extension point="xbmc.addon.metadata">
		<summary>Asc3nsi0n Repository</summary>
		<description>Asc3nsi0n Repository</description>
		<platform>all</platform>
	</extension>
</addon>
